variant,factions,s_per_turn,s_per_turn_sd,speedup,mal,per_pos,kv_gib,kv_tokens,legal,excluded
baseline,4,4.5803342466708274,0.3271129754818116,1.0,,,1.93,72400,0.65,0
baseline,8,5.400397480007572,0.09766015457538345,1.0,,,1.93,72400,0.5583333333333333,0
baseline,16,6.528385973333691,0.20868955133408057,1.0,,,1.93,72400,0.6958333333333333,0
baseline,32,8.764826860003328,0.18747447849139628,1.0,,,1.93,72400,0.6916666666666667,0
baseline,64,14.120665179996285,0.2203483373805467,1.0,,,1.93,72400,0.7083333333333334,0
eagle1-k2,4,3.812065006656727,0.19839829706692066,1.2015362378848546,2.130243707550939,"[0.6640031961646025, 0.4662405113863364]",1.41,51120,0.6166666666666667,0
eagle1-k2,8,5.024192253321719,0.9912121045045944,1.0748787482081577,2.18048128342246,"[0.6700534759358289, 0.510427807486631]",1.41,51120,0.7166666666666667,0
eagle1-k2,16,6.94853193332674,0.07030932149475728,0.939534571615346,2.2678300455235205,"[0.71350531107739, 0.5543247344461305]",1.41,51120,0.6625,0
eagle1-k2,32,9.35828105333494,1.0280018801651378,0.9365851281929466,2.361988930548116,"[0.7461167648634173, 0.6158721656846992]",1.41,51120,0.6666666666666666,0
eagle1-k2,64,15.505118806664056,0.5960026250566843,0.9107098988449713,2.3990988854635997,"[0.7575053355465972, 0.6415935499170026]",1.41,51120,0.6729166666666667,0
